Filename,R1mean,R1std,G1mean,G1std,B1mean,B1std,R2mean,R2std,G2mean,G2std,B2mean,B2std,R3mean,R3std,G3mean,G3std,B3mean,B3std,R4mean,R4std,G4mean,G4std,B4mean,B4std,R5mean,R5std,G5mean,G5std,B5mean,B5std,R6mean,R6std,G6mean,G6std,B6mean,B6std,R7mean,R7std,G7mean,G7std,B7mean,B7std,R8mean,R8std,G8mean,G8std,B8mean,B8std,R9mean,R9std,G9mean,G9std,B9mean,B9std,R10mean,R10std,G10mean,G10std,B10mean,B10std,R11mean,R11std,G11mean,G11std,B11mean,B11std,R12mean,R12std,G12mean,G12std,B12mean,B12std
../images/crop.png;243.3632;37.9788268086;240.6912;39.6133997854;243.1472;37.9690918006;35.2864;45.2442921819;154.5152;27.1942377896;181.368;28.4949219336;243.9008;36.5957778898;220.8544;36.7456936339;113.712;27.8111965942;245.5536;32.3423797368;243.504;35.0688520485;244.864;33.3608498693;245.832;31.1075903278;204.5232;34.102056562;125.6896;31.3993065503;247.4096;26.9682225562;242.5024;33.3990238516;197.976;28.2344085116;247.8672;25.3021414936;180.1632;28.7256638872;231.4176;31.2194300115;249.8992;21.3268900536;246.6256;27.4206459559;247.1264;26.9663794945;250.7184;17.4554261317;246.3056;25.2732468955;246.5456;25.2529903307;251.4992;15.2239941986;245.9824;23.7930008666;246.0688;23.7705714395;252.0912;12.2915126229;247.4992;20.3388986762;247.344;20.5962730609;252.2592;13.0745560292;246.6848;21.2231913001;247.3536;20.4721412422
../images/crop.png;243.3632;37.9788268086;240.6912;39.6133997854;243.1472;37.9690918006;35.2864;45.2442921819;154.5152;27.1942377896;181.368;28.4949219336;243.9008;36.5957778898;220.8544;36.7456936339;113.712;27.8111965942;245.5536;32.3423797368;243.504;35.0688520485;244.864;33.3608498693;245.832;31.1075903278;204.5232;34.102056562;125.6896;31.3993065503;247.4096;26.9682225562;242.5024;33.3990238516;197.976;28.2344085116;247.8672;25.3021414936;180.1632;28.7256638872;231.4176;31.2194300115;249.8992;21.3268900536;246.6256;27.4206459559;247.1264;26.9663794945;250.7184;17.4554261317;246.3056;25.2732468955;246.5456;25.2529903307;251.4992;15.2239941986;245.9824;23.7930008666;246.0688;23.7705714395;252.0912;12.2915126229;247.4992;20.3388986762;247.344;20.5962730609;252.2592;13.0745560292;246.6848;21.2231913001;247.3536;20.4721412422
